Version,Timestamp,LinesOfCode
v2.0.2,2025-12-22T02:31:40+00:00,34863
v2.0.3,2025-12-23T16:54:32+00:00,34871
v2.0.4,2025-12-27T00:29:35+00:00,34887
v2.0.5,2026-01-02T00:25:48+00:00,34906
v2.0.6,2026-01-04T23:42:36+00:00,34916
v3.0.0,2026-01-09T22:03:19+00:00,34916
v3.0.1,2026-01-10T17:25:23+00:00,34916
v3.0.2,2026-01-12T18:24:51+00:00,34916
v3.0.3,2026-01-13T01:10:25+00:00,34942
v3.0.4,2026-01-25T21:59:01+00:00,34945
v3.0.5,2026-02-08T22:39:18+00:00,34954
v3.0.6,2026-02-11T20:26:28+00:00,34936
v3.0.7,2026-03-10T23:55:24+00:00,35350
v3.0.8,2026-03-14T20:07:17+00:00,35350
v3.0.9,2026-03-17T21:45:12+00:00,35367
v3.0.10,2026-03-25T00:58:12+00:00,35372
v3.0.11,2026-03-26T00:09:44+00:00,35373
v3.0.13,2026-03-28T17:40:07+00:00,35310
v3.0.14,2026-03-28T23:18:10+00:00,35353
v3.0.15,2026-04-02T20:58:19+00:00,35325
v3.0.16,2026-04-03T08:08:38+00:00,35325
v3.0.17,2026-04-08T00:23:33+00:00,35323
v3.0.18,2026-04-08T22:12:41+00:00,35323
v3.0.19,2026-04-14T18:28:27+00:00,35323
v3.0.20,2026-04-16T17:21:39+00:00,35323
v3.0.21,2026-04-21T22:09:03+00:00,36545
v3.0.22,2026-04-29T22:16:58+00:00,36657
v3.0.23,2026-05-04T15:48:43+00:00,36841
v3.0.24,2026-05-06T21:53:11+00:00,37049
v3.0.25,2026-05-08T21:01:29+00:00,37965
v3.0.26,2026-05-24T11:37:34+00:00,38313
v3.0.27,2026-05-30T08:17:24+00:00,38348
v3.0.29,2026-06-29T07:59:03+00:00,38655
v3.0.30,2026-06-29T11:55:15+00:00,38655